variable,maximum,minimum,factormin,factormax,returnmin,returnmax
tradeprofit,-88,-88,-0.0004970207,-0.0004970207,-88.0000000385,-88.0000000385
tradeamount,10000,10000,9999.9939596627,9999.9939596627,9999.999995625,9999.999995625
buyvariable,17.7055,17.7055,17.7055000053,17.7055000053,17.7055,17.7055
sellvariable,17.6967,17.6967,17.6966999946845,17.6966999946845,17.6966999999961,17.6966999999961
profitfactor,-0.000497021,-0.000497021,-0.000497021,-0.000497021,-0.0004970207,-0.0004970207
